Dublin Core:Alternative Title,Dublin Core:Abstract,Dublin Core:Table Of Contents,Dublin Core:Date Available,Dublin Core:Date Created,Dublin Core:Date Accepted,Dublin Core:Date Copyrighted,Dublin Core:Date Submitted,Dublin Core:Date Issued,Dublin Core:Date Modified,Dublin Core:Date Valid,Dublin Core:Access Rights,Dublin Core:License,Dublin Core:Conforms To,Dublin Core:Has Format,Dublin Core:Has Part,Dublin Core:Has Version,Dublin Core:Is Format Of,Dublin Core:Is Part Of,Dublin Core:Is Referenced By,Dublin Core:Is Replaced By,Dublin Core:Is Required By,Dublin Core:Is Version Of,Dublin Core:References,Dublin Core:Replaces,Dublin Core:Requires,Dublin Core:Extent,Dublin Core:Medium,Dublin Core:Bibliographic Citation,Dublin Core:Spatial Coverage,Dublin Core:Temporal Coverage,Dublin Core:Accrual Method,Dublin Core:Accrual Periodicity,Dublin Core:Accrual Policy,Dublin Core:Audience,Dublin Core:Audience Education Level,Dublin Core:Mediator,Dublin Core:Instructional Method,Dublin Core:Provenance,Dublin Core:Rights Holder,Dublin Core:Title,Dublin Core:Creator,Dublin Core:Description,Dublin Core:Subject,Dublin Core:Source,Dublin Core:Publisher,Dublin Core:Date,Dublin Core:Contributor,Dublin Core:Rights,Dublin Core:Relation,Dublin Core:Format,Dublin Core:Language,Dublin Core:Type,Dublin Core:Identifier,Dublin Core:Coverage,Item Type Metadata:Text,Item Type Metadata:Interviewer,Item Type Metadata:Interviewee,Item Type Metadata:Location,Item Type Metadata:Transcription,Item Type Metadata:Local URL,Item Type Metadata:Original Format,Item Type Metadata:Physical Dimensions,Item Type Metadata:Duration,Item Type Metadata:Compression,Item Type Metadata:Producer,Item Type Metadata:Director,Item Type Metadata:Bit Rate/Frequency,Item Type Metadata:Time Summary,Item Type Metadata:Email Body,Item Type Metadata:Subject Line,Item Type Metadata:From,Item Type Metadata:To,Item Type Metadata:CC,Item Type Metadata:BCC,Item Type Metadata:Number of Attachments,Item Type Metadata:Standards,Item Type Metadata:Objectives,Item Type Metadata:Materials,Item Type Metadata:Lesson Plan Text,Item Type Metadata:URL,Item Type Metadata:Event Type,Item Type Metadata:Participants,Item Type Metadata:Birth Date,Item Type Metadata:Birthplace,Item Type Metadata:Death Date,Item Type Metadata:Occupation,Item Type Metadata:Biographical Text,Item Type Metadata:Bibliography,PDF Text:Text,tags,file,itemType,collection,public,featured
,,,,,,,,,,,,,,,,,,,,,,,,,,,,,,,,,,,,,,,,Portraitiste et philosophe urbain : questionnements autour de la représentation de la ville taïwanaise dans les films d'Edward Yang,"Wu, Qinming","Comment Edward Yang reconstruit-il la ville de Taipei dans les années 1980 telle qu’il l’observe dans ses films, en tant que portraitiste ou philosophe ? Avant d’aborder de front une réponse, nous commençons notre  introduction en définissant le style réaliste et dialectique des films d’Edward Yang. Influencé par la Nouvelle Vague européenne, le Néo-réalisme et le Nouveau Cinéma allemand, son travail affiche également un réalisme distinct. Ses oeuvres trahissent une grande partie de sa propre expérience de la vie à Taipei, dans le but de restituer une version réaliste de la ville. Finalement, nous arriverons au dernier axe, en terme de personnages, de personnalité des rôles. À chaque étape, nous tenterons d’interroger et de comprendre ce qui fait la nature de ses films. Pourquoi Edward Yang est-il considéré comme le portraitiste de la ville de Taïwan ? Comment reconstitue-il la scène de la vie taïwanaise dans ses films？Quelle est la nature philosophique urbanine de ses films ? Nous tenterons progressivement de répondre à ces questions, et à travers ce processus, nous pourrons enfin découvrir comment le langage filmique de Yang contribue à construire une ville de Taipei telle qu’il l’observe. Le corpus de films composé de ses sept longs métrages et un court métrage seront discutés sélectivement dans chaque chapitre en fonction du sujet traité. Dans le premier chapitre, nous dégagerons les points communs thématiques de ses films à partir de l’ensemble de son oeuvre. Le chapitre suivant se concentrera sur la scène et l’image, et nous nous intéresserons principalement à trois des films les plus emblématiques en tournage : The Terrorizers(1986), A Bright Summer Day, Yi Yi. Enfin, le dernier chapitre, nous nous appuyerons davantage sur les deux métrages : Taipei Story (1985), et A Confucian Confusion. Selon ses oeuvres, nous verrons dans chaque aspect ce qui l’a fait connaître au public comme étant « le portraitiste et le philosophe de Taipei ».",Edward Yang,,,28/06/2022,"Pichon, Alban (sous la dir.)",,,,,"Mémoire de Master Arts, lettres et civilisations - Parcours Rhétorique des arts",,,,,,,,,,,,,,,,,,,,,,,,,,,,,,,,,,,,,,,https://cime.univ-pau.fr/files/original/1b73b993020559a9bbb10441daf66937.pdf,,"Master Arts, lettres et civilisations - Parcours Rhétoriques des arts",1,0
,,,,,,,,,,,,,,,,,,,,,,,,,,,,,,,,,,,,,,,,Le progrès technologique selon les agriculteurs,"Gonella, Baptiste","Le monde agricole est aujourd’hui animé par deux transformations majeures : la
« digitalisation » et l’« écologisation ». La première fait référence à l'utilisation croissante et
généralisée des technologies digitales dans le milieu agricole tandis que la seconde peut être
définie comme l'importance croissante des enjeux environnementaux dans les politiques et
pratiques agricoles. La digitalisation est principalement perçue par les élites politiques comme
un moyen d’écologiser l’agriculture qui souffre d’une image parfois négative, suite aux dérives
du modèle conventionnel dominant — en particulier quant à ses conséquences
environnementales — imposé après la Deuxième Guerre Mondiale. Ce pari s’inscrit dans une
vision particulière du progrès en agriculture qui est celle de la « modernisation
écologique ». Toutefois, cette dernière questionne à bien des égards et c’est ce que ce
mémoire souhaite mettre en exergue, en interrogeant la notion de progrès technologique
chez les premiers concernés, i.e. les agriculteurs. Ce travail de recherche nous a ainsi conduit
à interroger 21 agriculteurs du Sud-Ouest de la France, répartis sur les départements des
Pyrénées-Atlantiques (64) et du Gers (32). L’analyse qualitative des entretiens menés nous a
permis de dégager cinq grands thèmes. D’abord, il est très vite ressorti que les territoires et
les profils des répondants étaient très différents et que les pratiques agricoles qui en
dépendent étaient, elles aussi, très variées. Ensuite, les répondants ont évoqué de nombreux
changements en lien avec la digitalisation de leurs pratiques et exposé que ces changements
débordaient très souvent le simple cadre technique. Des inquiétudes variées ont également
été rapportées, notamment vis-à-vis de la raréfaction du nombre d’agriculteurs malgré
l’agrandissement de certaines exploitations et vis-à-vis de la trop faible rémunération de
l’activité agricole. En outre, nous avons aussi interrogé la vision actuelle des répondants sur la
nature et nous avons constaté que celle-ci est de plus en plus façonnée par les technologies
digitales. Enfin, la vision prospective des agriculteurs ne semble pas uniforme dans la mesure
où les répondants n’ont pas tous les mêmes projets et ne partagent pas nécessairement le
même avis sur le rôle des technologies digitales dans la transition agroécologique ou sur les
tendances à venir. Finalement, il nous semble que ces cinq grands thèmes mis en avant par ce
travail pourraient être des indicateurs utiles afin de mieux appréhender les nombreuses
représentations du progrès qui cohabitent chez les agriculteurs.",Agriculture,,,2022,"Jaurréguiberry, Francis (sous la dir. de)",,,,,"Mémoire de Master 2ème année Spécialité : Sociologie.
Parcours « Transitions numériques et écologiques »",,,,,,,,,,,,,,,,,,,,,,,,,,,,,,,,,,,,,,,https://cime.univ-pau.fr/files/original/e149b381d81d74f8fa7af84cfa648ee8.pdf,,Master Sociologie - Parcours Études sociologiques et technologies de communication,1,0
,,,,,,,,,,,,,,,,,,,,,,,,,,,,,,,,,,,,,,,,Comment les espaces délaissés et sous-utilisés répondent aux enjeux de maîtrise foncière notamment lis en avant avec le principe de zéro artificialisation nette ?,"Terzariol, Marion","Le présent mémoire s’intéresse à la mise en place du principe de Zéro Artificialisation Nette
(ZAN) et la manière dont les espaces délaissés et sous-utilisés apportent une réponse aux enjeux
de maîtrise foncière. Le principe de ZAN, issu de la loi “Climat et Résilience” promulguée le
24 août 2021, a pour objectif de stopper l'artificialisation nette des sols afin de préserver les
espaces naturels, agricoles et forestiers (ENAF). Ce principe inquiète grandement les
collectivités locales qui craignent pour l’avenir de leurs territoires. Ce mémoire vise à identifier
les freins, mais également les avantages que les collectivités peuvent tirer des espaces délaissés
et sous-utilisés grâce à des opérations de réhabilitation et de consolidation.
Après une rapide présentation du phénomène d'expansion urbaine et son évolution au cours des
siècles, la première la partie - théorique – se poursuit avec une présentation détaillée du principe
de ZAN. La seconde partie s’intéresse ensuite à la manière dont les espaces délaissés et sousutilisés
sont traités localement grâce à l’exemple de quatre projets d'aménagement sur le
département des Pyrénées-Atlantiques. Cette analyse doit permettre de mettre en lumière les
enjeux auxquels sont confrontées ces opérations de réhabilitation et de consolidation,
aujourd’hui indispensables pour permettre aux territoires de se développement de manière
« sobre ».",Zéro Artificialisation Nette,,,2022,"Bigando, Éva (sous la dir. de)",,,,,"Mémoire de Master 2 Mention Géographie – Aménagement – Environnement – Développement (GAED). Parcours « Développement durable, Aménagement, Société, Territoire » (DAST)",,,,,,,,,,,,,,,,,,,,,,,,,,,,,,,,,,,,,,,,,,0,0
,,,,,,,,,,,,,,,,,,,,,,,,,,,,,,,,,,,,,,,,Les commissions départementales d'aménagement commercial : des instances pour une offre commerciale équilibrée : le cas des Pyrénées-Atlantiques,"Sanchez Isser, Inès","La société de consommation dans laquelle nous vivons est marquée l’implantation de
grandes surfaces qui, bien qu’elles permettent de trouver une abondance et une diversité de
produits sous un même toit, ont de nombreux impacts sociétaux, économiques et
environnementaux. En effet, l’implantation de ces grandes surfaces a contribué au phénomène
de périurbanisation et a conduit d’une part à une artificialisation croissante des sols et d’autre
part à une augmentation de la population en périphérie et donc à un dépeuplement des centresvilles.
Face à tous ces bouleversements, de nombreux commerces de proximité ont été mis en
péril et certains ont été contraints de fermer leurs portes. Pour pallier ce déséquilibre
commercial, des commissions départementales ont été créées dans le but d’équilibrer l’offre
commerciale à l’échelle des départements. Mais quelles sont ces commissions ? Sont-elles
vraiment capables de protéger les petits commerces des géants de la grande distribution ? Quelle organisation commerciale résulte de leur régulation ?",Commission départementale d'aménagement commercial (CDAC),,,2022,"Bouisset, Christine (sous la dir. de)",,,,,"Mémoire de Master 2e année Mention Géographie – Aménagement – Environnement – Développement (GAED). Parcours « Développement durable, Aménagement, Société, Territoire » (DAST)",,,,,,,,,,,,,,,,,,,,,,,,,,,,,,,,,,,,,,,https://cime.univ-pau.fr/files/original/7e136df5f267cbf4a4b613fe048de043.pdf,,,1,0
,,,,,,,,,,,,,,,,,,,,,,,,,,,,,,,,,,,,,,,,"La problématique du dernier kilomètre : les
enjeux d’un transport urbain plus vert","Peltier, Mahé","Le nombre de livraisons est en pleine évolution depuis quelques années
maintenant. Dans un monde où les enjeux environnementaux sont primordiaux du
fait du réchauffement climatique, ce travail vise à mettre en valeur la problématique
du dernier kilomètre. Cette étape est celle qui coûte la plus chère à l’entreprise du fait
des temps de livraisons proposés qui sont de plus en plus courts mais c’est aussi
l’étape où le destinataire se crée son avis sur l’entreprise (retard de livraison, colis
abîmé …) Ainsi le dernier kilomètre est très important pour les acteurs logistiques.
La problématique du dernier kilomètre repose principalement sur la dualité “Temps
de livraison de plus en plus court” et “Mode de livraison vert”. Ce travail vise donc à
essayer de comprendre comment les acteurs de la logistiques peuvent proposer un
dernier kilomètre rapide et efficace tout en prenant en compte le facteur
environnement en partant de la question “Comment le dernier kilomètre peut-il être
plus vert ?”. Ce travail commencera par tenter de proposer une définition du dernier
kilomètre puis de mettre en évidence les principales actions qui permettraient de
proposer un dernier kilomètre vert, à l’échelle nationale puis à l’échelle du Centre
Européen de Fret.",,,,2022,"Tesson, Frédéric (sous la dir. de)",,,,,"Mémoire de Master 2e année Mention Géographie - Aménagement - Environnement - Développement (GAED). Parcours “Développement durable, Aménagement, Société, Territoire” (DAST)",,,,,,,,,,,,,,,,,,,,,,,,,,,,,,,,,,,,,,,https://cime.univ-pau.fr/files/original/69b4542c3f9383bc71240c9dd4fd049a.pdf,,,0,0
,,,,,,,,,,,,,,,,,,,,,,,,,,,,,,,,,,,,,,,,La gestion du risque inondation sur le bassin versant amont de l'Adour : sensibiliser le territoire par l'acquisition de connaissance du risque,"Moncheny, Lindsey","Les inondations sont au coeur des débats actuels en raison de leurs fréquences élevées et de l’aggravation de leurs impacts. C’est dans un contexte de volonté de réduction des conséquences des inondations sur les territoires, les habitants, les biens et les activités que s’inscrit notre mémoire. Par la mise en place du Programme d’actions et de prévention des inondations Adour amont, les acteurs locaux du bassin versant conduisent une gestion intégrée des risques d’inondation. Et c’est dans le cadre de ce PAPI, que notre enquête menée par questionnaire a permis de récolter un ensemble de données sur la connaissance et la conscience du risque mais aussi de mettre en lumière les besoins et les manques des communes en termes de diminution du risque. Nos différents constats ont abouti à la préconisation de plusieurs actions dans l’intérêt d’améliorer de la sensibilisation du grand public.",Risque,,,2022,"Puyo, Jean-Yves (sous la dir. de)",,,,,"Mémoire de Master 2e année Mention Géographie – Aménagement – Environnement – Développement (GAED) Parcours « Développement durable, Aménagement, Société, Territoire » (DAST)",,,,,,,,,,,,,,,,,,,,,,,,,,,,,,,,,,,,,,,https://cime.univ-pau.fr/files/original/8444cba5219fd0b765f64a20d907a856.pdf,,,0,0
,,,,,,,,,,,,,,,,,,,,,,,,,,,,,,,,,,,,,,,,Méthodologie d'actualisation des données SIG relatives aux servitudes d'utilité publique,"Molina, Julien","Aujourd’hui, le droit à construire est principalement encadré par des documents d’urbanisme,
comme les PLU ou les cartes communales. Les servitudes d’utilité publique (SUP), qui sont des
limitations administratives instituées dans un but d’utilité publique et qui affectent l’utilisation des sols,
sont annexées à ces documents d’urbanisme. Cette annexion conditionne leur opposabilité aux
demandes d’urbanisme.
Certaines communes ne sont couvertes ni par un PLU ni par une carte communale mais sont
soumises au Règlement National d’Urbanisme, qui ne définit pas de zonage spécifique pour le droit à
construire, mais pose des règles générales. La question des SUP est ainsi particulièrement importante
car il s’agit de la seule règle spécifique au territoire couvert par le RNU. Les gestionnaires de SUP, qui
ont l’obligation de rendre accessibles les informations et les données actualisées concernant les SUP,
ne remplissent pas toujours leur tâche. La DDT quant à elle, est particulièrement concernée par la mise
à jour des SUP, car elle est chargée d’instruire les permis de construire sur les communes couvertes par
le RNU.
Le présent mémoire a donc pour objet de décrire le contexte juridique et institutionnel autour
du besoin d’actualisation des données relatives aux SUP. Il tente également d’amorcer le
développement d’une méthode adaptée aux ressources à disposition, méthode qui permettrait
d’instruire continuellement les demandes droits des sols pour les communes soumises au RNU.",SIG,,,2022,"Tran, Thao (sous la dir. de)",,,,,"Mémoire de Master 2e année Mention Géographie - Aménagement – Environnement (GAED)
Parcours « Développement durable, Aménagement, Société, Territoire » (DAST)",,,,,,,,,,,,,,,,,,,,,,,,,,,,,,,,,,,,,,,https://cime.univ-pau.fr/files/original/498da16cb4d4af2f8d4a06f6902fdfeb.pdf,,"Master Géographie et aménagement - Parcours Développement durable, Aménagement, Société, Territoire (DAST)",0,0
,,,,,,,,,,,,,,,,,,,,,,,,,,,,,,,,,,,,,,,,Le numérique au service de la valorisation des patrimoines culturels : l’étude de cas du label Pays d’art et d’histoire à la communauté de communes pays d’Évian – vallée d’Abondance (Haute-Savoie),"Manon, Camille","Ce mémoire fait l’analyse des outils numériques dans la valorisation patrimoniale et plus précisément dans le cadre de la valorisation des patrimoines culturels du label Pays d’art et d’histoire de la communauté de communes pays d’Évian – vallée d’Abondance. Depuis 2003, ce label est présent en vallée d’Abondance, il a contribué localement à l’investissement progressif de dispositifs numériques mais en 2019, le label s’étend au pays d’Évian. Cette analyse donne donc les moyens de savoir si le réinvestissement dans les outils numériques permettrait au PAH, de contribuer à une meilleure valorisation des patrimoines culturels sur l’ensemble des communes de la CCPEVA.
Pour répondre à cette problématique, la méthode employée a été la méthode qualitative par le biais d’entretiens semi-directifs. Les acteurs en charge de structures culturelles sur les territoires voisins ou à proximité de la CCPEVA, ont été sollicités afin de recueillir leurs avis sur les outils numériques dans la valorisation patrimoniale. Les réponses récoltées démontrent alors de l’importance du numérique dans la valorisation patrimoniale et de l’intérêt qu’il représente dans ce domaine. Elles affirment ainsi que le réinvestissement dans les outils numériques permettrait au PAH, de contribuer à une meilleure valorisation des patrimoines culturels sur l’ensemble des communes de la CCPEVA. Appliqués à la configuration des patrimoines culturels du territoire élargi, des modèles d’outils numériques sont alors préconisés par les acteurs et du fait de l’expérience acquise du PAH en vallée d’Abondance ; des pistes de projets numériques sont ressorties pour le pays d’Évian. Les deux premiers projets sont des projets d’activités numériques ludiques et pédagogiques, implantés sur des communes du plateau de Gavot. Les autres projets numériques s’inscrivent au sein du futur CIAP, avec la maquette animée et les supports multimédias pour diffuser les vidéos promotionnelles du PAH et ainsi, valoriser l’ensemble des patrimoines culturels du territoire élargi.
Les résultats de cette recherche permettent de mieux comprendre l’intérêt pour le PAH de
réinvestir dans les outils numériques en prenant en compte les enjeux patrimoniaux du territoire élargi, du fait de leur expérience acquise dans le numérique en vallée d’Abondance. À terme les dispositifs numériques proposés peuvent être portés, afin que le PAH puisse valoriser l’ensemble des patrimoines culturels des communes du pays d’Évian et de la vallée d’Abondance.",Outils numériques,,,2022,"Degrémont, Isabelle (sous la dir. de)",,,,,"Mémoire de Master 2ème année Mention Géographie – Aménagement – Environnement – Développement (GAED)
Parcours « Développement durable, Aménagement, Société, Territoire » (DAST)",,,,,,,,,,,,,,,,,,,,,,,,,,,,,,,,,,,,,,,https://cime.univ-pau.fr/files/original/a039c8e1d0c642164b3f70bf4b55a65e.pdf,,"Master Géographie et aménagement - Parcours Développement durable, Aménagement, Société, Territoire (DAST)",1,0
,,,,,,,,,,,,,,,,,,,,,,,,,,,,,,,,,,,,,,,,La place et le r&ocirc;le du polar dans le travail de r&eacute;cup&eacute;ration de la m&eacute;moire historique en Espagne : le cas du roman <em>Un mill&oacute;n de gotas</em> de V&iacute;ctor del &Aacute;rbol,"Pedeflous, Charline",,"Littérature policière
Mémoire collective
Víctor del Árbol
Un millón de gotas",Plateforme DUMAS : https://dumas.ccsd.cnrs.fr/dumas-03994122,"Université de Pau et des Pays de l'Adour (UPPA)
Pau",2022,"sous la direction de Emilie Guyard
",,,,fre,"Mémoire de Master 1ère année
Langues, littératures et civilisations étrangères et régionales, Parcours Etudes hispaniques",,,,,,,,,,,,,,,,,,,,,,,,,,,,,,,,,,,,,,,https://cime.univ-pau.fr/files/original/fa144c8884e254cf6d703d20c112790c.pdf,,"Master Langues, littératures et civilisations étrangères et régionales - Parcours Études hispaniques",1,0
,,,,,,,,,,,,,,,,,,,,,,,,,,,,,,,,,,,,,,,,"En psy
","tellini, pascale
",,psychiatrie   ,,,2022,"rabiller, stéphanie (sous la direction de)  ",,,,,"Récit de Situation Complexe Authentique (RSCA)_DU_Accompagnement et soins palliatifs
",,,,,,,,,,,,,,,,,,,,,,,,,,,,,,,,,,,,,,,https://cime.univ-pau.fr/files/original/b4b0d97ef7b7c8c86dd2024ed4096889.pdf,,D.U. Accompagnement et soins palliatifs,0,0
,,,,,,,,,,,,,,,,,,,,,,,,,,,,,,,,,,,,,,,,"Récit de Situation Complexe Argumentée
","talidec urlacher, joanne
",,directives anticipées     ,,,2022,"rabiller, stéphanie (sous la direction de)   ",,,,,"Récit de Situation Complexe Authentique (RSCA)_DU_Accompagnement et soins palliatifs
",,,,,,,,,,,,,,,,,,,,,,,,,,,,,,,,,,,,,,,https://cime.univ-pau.fr/files/original/b8b66934d53e92e729505da2e7385c9f.pdf,,D.U. Accompagnement et soins palliatifs,0,0
,,,,,,,,,,,,,,,,,,,,,,,,,,,,,,,,,,,,,,,,"Récit de situation complexe authentique 
","salez, valérie 
",,diagnostic inconnu    ,,,2022,"rabiller, stéphanie (sous la direction de)   ",,,,,"Récit de Situation Complexe Authentique (RSCA)_DU_Accompagnement et soins palliatifs
",,,,,,,,,,,,,,,,,,,,,,,,,,,,,,,,,,,,,,,https://cime.univ-pau.fr/files/original/9094ede9ef0b35c09c9c3dce7a07f5ca.pdf,,D.U. Accompagnement et soins palliatifs,0,0
,,,,,,,,,,,,,,,,,,,,,,,,,,,,,,,,,,,,,,,,"L'interdisciplinarité au service de l'accompagnement
","salah, karim
",, management participatif      ,,,2022,"rabiller, stéphanie (sous la direction de)   ",,,,,"Récit de Situation Complexe Authentique (RSCA)_DU_Accompagnement et soins palliatifs
",,,,,,,,,,,,,,,,,,,,,,,,,,,,,,,,,,,,,,,https://cime.univ-pau.fr/files/original/2522d6b931f1ff8ca4121ec5a385fbd9.pdf,,D.U. Accompagnement et soins palliatifs,0,0
,,,,,,,,,,,,,,,,,,,,,,,,,,,,,,,,,,,,,,,,Postérité du totalitarisme médiatique orwellien dans la littérature contemporaine,"Marras, Sébastien","Ce mémoire rentre dans le cadre de l’obtention du Master de « Poétique et Histoire littéraire » de l’Université de Pau et des Pays de l’Adour. Il a pour objectif de dresser une étude des représentations de notre société technologique
actuelle ou imminente faites par deux romans contemporains – Est-ce ainsi que les hommes jugent ? de Mathieux Menegaux et Le Cercle de  Dave Eggers, en les comparant avec celles dépeintes par George Orwell dans 1984. 
Alors que le nombre d’appareils connectés ne cesse de croître d’année en année, que les écrans et les réseaux sociaux deviennent de plus en plus omniprésents et
influents au point d’impacter les processus politiques et la vie de chaque citoyen, ce travail de recherche a pour ambition d’éclairer sous une perspective littéraire ces épineux sujets d’actualité. L’analyse des convergences et des divergences existantes entre les mondes dépeints dans chacune des œuvres précédemment évoquées tentera de révéler si la technologie telle que pratiquée
et envisagée de nos jours est un outil de liberté ou, au contraire, d’asservissement.","Totalitarisme,  Orwell George,  Menegaux Mathieux,  Eggers Dave, Technologie",,"Université de Pau et des Pays de l'Adour (UPPA), Pau
",2021,sous la direction de Hans Hartje,,,,fre,"Mémoire de M1 recherche 
Poétiques et histoire littéraire (ALTER)",,,,,,,,,,,,,,,,,,,,,,,,,,,,,,,,,,,,,,,https://cime.univ-pau.fr/files/original/8180f3546efde8dc68bd462ba69d9fe8.pdf,,"Master Arts, lettres et civilisations - Parcours Poétiques et Histoire littéraire",1,0
,,,,,,,,,,,,,,,,,,,,,,,,,,,,,,,,,,,,,,,,"Le personnage littéraire Edouard Louis face à la réception : 
de retour comme Gandalf dans ""Les Deux Tours""
","Dupuis, Vincent ",,"Édouard Louis, Eddy Bellegueule, En finir avec Eddy Bellegueule, Récit autobiographique, Média",,"Université de Pau et des Pays de l'Adour (UPPA), Pau",2021,"sous la direction de Nadine Laporte
ALTER",,,,fre,"Mémoire de M2 recherche
Poétiques et histoire littéraire (ALTER)",,,,,,,,,,,,,,,,,,,,,,,,,,,,,,,,,,,,,,,https://cime.univ-pau.fr/files/original/7d1343adb804dc31b2b1a759c9b25a2a.pdf,,"Master Arts, lettres et civilisations - Parcours Poétiques et Histoire littéraire",1,0
,,,,,,,,,,,,,,,,,,,,,,,,,,,,,,,,,,,,,,,,"L’accompagnement infirmier
d’une personne présentant une souffrance totale
","pépion, cécile 
",,douleur physique intense    ,,,2022,"rabiller, stéphanie (sous la direction de)   ",,,,,"Récit de Situation Complexe Authentique (RSCA)_DU_Accompagnement et soins palliatifs
",,,,,,,,,,,,,,,,,,,,,,,,,,,,,,,,,,,,,,,https://cime.univ-pau.fr/files/original/92e36df5a50b8310dd41c23b555474dc.pdf,,D.U. Accompagnement et soins palliatifs,0,0
,,,,,,,,,,,,,,,,,,,,,,,,,,,,,,,,,,,,,,,,"Fin de vie : Accompagner à travers les souffrances
","pelletier, anaïs
",,souffrance psychique  ,,,2022,"rabiller, stéphanie (sous la direction de)   ",,,,,"Récit de Situation Complexe Authentique (RSCA)_DU_Accompagnement et soins palliatifs
",,,,,,,,,,,,,,,,,,,,,,,,,,,,,,,,,,,,,,,https://cime.univ-pau.fr/files/original/89551f8369e348df808706d48fb59565.pdf,,D.U. Accompagnement et soins palliatifs,0,0
,,,,,,,,,,,,,,,,,,,,,,,,,,,,,,,,,,,,,,,,"Patient, soignant, aidant, face aux symptômes d’inconfort en fin de vie
","odru, camille
",,soins palliatifs       ,,,2022,"rabiller, stéphanie (sous la direction de)   ",,,,,"Récit de Situation Complexe Authentique (RSCA)_DU_Accompagnement et soins palliatifs
",,,,,,,,,,,,,,,,,,,,,,,,,,,,,,,,,,,,,,,https://cime.univ-pau.fr/files/original/9a5dfbd93b20f5a4fbe49734c0a96611.pdf,,D.U. Accompagnement et soins palliatifs,0,0
,,,,,,,,,,,,,,,,,,,,,,,,,,,,,,,,,,,,,,,,"Récit de Situation Complexe Authentique
","mouret, lindsay 
",,mécanismes de défense    ,,,2022,"rabiller, stéphanie (sous la direction de)   
",,,,,"Récit de Situation Complexe Authentique (RSCA)_DU_Accompagnement et soins palliatifs
",,,,,,,,,,,,,,,,,,,,,,,,,,,,,,,,,,,,,,,https://cime.univ-pau.fr/files/original/e1b66bb29c9a0905e2d32785cc866957.pdf,,D.U. Accompagnement et soins palliatifs,0,0
,,,,,,,,,,,,,,,,,,,,,,,,,,,,,,,,,,,,,,,,"Positionnement : choix cornélien en soins palliatifs
","morere, emilie
",,escarre ,,,2022,"rabiller, stéphanie (sous la direction de)   

",,,,,"Récit de Situation Complexe Authentique (RSCA)_DU_Accompagnement et soins palliatifs
",,,,,,,,,,,,,,,,,,,,,,,,,,,,,,,,,,,,,,,https://cime.univ-pau.fr/files/original/e5126c67271f114eee9aa9af1c750a66.pdf,,D.U. Accompagnement et soins palliatifs,0,0
,,,,,,,,,,,,,,,,,,,,,,,,,,,,,,,,,,,,,,,,"Soins palliatifs, confiance, interdisciplinarité
","mazurier, mélanie
",,   droits des malades   ,,,2022,"rabiller, stéphanie (sous la direction de)   

",,,,,"Récit de Situation Complexe Authentique (RSCA)_DU_Accompagnement et soins palliatifs
",,,,,,,,,,,,,,,,,,,,,,,,,,,,,,,,,,,,,,,https://cime.univ-pau.fr/files/original/6e5d4af079179ae4961324d188e1c4ee.pdf,,D.U. Accompagnement et soins palliatifs,0,0
,,,,,,,,,,,,,,,,,,,,,,,,,,,,,,,,,,,,,,,,"Face aux symptômes rebelles....
","martin, marie
",,hospitalisation à domicile (HAD)    ,,,2022,"rabiller, stéphanie (sous la direction de)   

",,,,,"Récit de Situation Complexe Authentique (RSCA)_DU_Accompagnement et soins palliatifs
",,,,,,,,,,,,,,,,,,,,,,,,,,,,,,,,,,,,,,,https://cime.univ-pau.fr/files/original/a728ba20a679476c4a2ecf1bf97a5253.pdf,,D.U. Accompagnement et soins palliatifs,0,0
,,,,,,,,,,,,,,,,,,,,,,,,,,,,,,,,,,,,,,,,"Défaut d'anticipation dans un contexte d'urgence palliative
","leroux, solène
",,urgence palliative,,,2022,"rabiller, stéphanie (sous la direction de)   

",,,,,"Récit de Situation Complexe Authentique (RSCA)_DU_Accompagnement et soins palliatifs
",,,,,,,,,,,,,,,,,,,,,,,,,,,,,,,,,,,,,,,https://cime.univ-pau.fr/files/original/4e0f02c6369209e0066f9d9e284a5d91.pdf,,D.U. Accompagnement et soins palliatifs,0,0
,,,,,,,,,,,,,,,,,,,,,,,,,,,,,,,,,,,,,,,,"Situation de Mme R.
","le flohic, simon
",,   procédure collégiale        ,,,2022,"rabiller, stéphanie (sous la direction de)   

",,,,,"Récit de Situation Complexe Authentique (RSCA)_DU_Accompagnement et soins palliatifs
",,,,,,,,,,,,,,,,,,,,,,,,,,,,,,,,,,,,,,,https://cime.univ-pau.fr/files/original/84edb59bbdad1bf82cc8898ac80c9f2a.pdf,,D.U. Accompagnement et soins palliatifs,0,0
,,,,,,,,,,,,,,,,,,,,,,,,,,,,,,,,,,,,,,,,"Comment gérer les refus de soins ?
","lassoujade, ludivine 
",,refus de soins    ,,,2022,"rabiller, stéphanie (sous la direction de)   ",,,,,"Récit de Situation Complexe Authentique (RSCA)_DU_Accompagnement et soins palliatifs
",,,,,,,,,,,,,,,,,,,,,,,,,,,,,,,,,,,,,,,https://cime.univ-pau.fr/files/original/89788a9736bceca24af951cdb4ab1b54.pdf,,D.U. Accompagnement et soins palliatifs,0,0
,,,,,,,,,,,,,,,,,,,,,,,,,,,,,,,,,,,,,,,,"L’anticipation au cœur des soins palliatifs pour prendre soins des patients au domicile
","lasserre, murielle
",,"Soins palliatifs    
",,,2022,"rabiller, stéphanie (sous la direction de)   ",,,,,"Récit de Situation Complexe Authentique (RSCA)_DU_Accompagnement et soins palliatifs
",,,,,,,,,,,,,,,,,,,,,,,,,,,,,,,,,,,,,,,https://cime.univ-pau.fr/files/original/3d8d17a5e4f9302fe7c68158b2605138.pdf,,D.U. Accompagnement et soins palliatifs,0,0
,,,,,,,,,,,,,,,,,,,,,,,,,,,,,,,,,,,,,,,,"Accompagnement au domicile d’une personne en fin de vie en souffrance et de son entourage
","jegou, carine 
",,refus de soins    ,,,2022,"rabiller, stéphanie (sous la direction de)   
",,,,,"Récit de Situation Complexe Authentique (RSCA)_DU_Accompagnement et soins palliatifs
",,,,,,,,,,,,,,,,,,,,,,,,,,,,,,,,,,,,,,,https://cime.univ-pau.fr/files/original/73f60fe8ee1fdb38faf12b465381df6a.pdf,,D.U. Accompagnement et soins palliatifs,0,0
,,,,,,,,,,,,,,,,,,,,,,,,,,,,,,,,,,,,,,,,Fin de vie et fibrose pulmonaire avancée chez un patient psychotique,"grangis, christine
",,démarche palliative         ,,,2022,"rabiller, stéphanie (sous la direction de)   ",,,,,"Récit de Situation Complexe Authentique (RSCA)_DU_Accompagnement et soins palliatifs
",,,,,,,,,,,,,,,,,,,,,,,,,,,,,,,,,,,,,,,https://cime.univ-pau.fr/files/original/bd5ed77cd9bcca05571649fcd3e8a537.pdf,,D.U. Accompagnement et soins palliatifs,0,0
,,,,,,,,,,,,,,,,,,,,,,,,,,,,,,,,,,,,,,,,"Mal souffrance
","gracio, isabelle
",,"douleur chronique sévère
",,,2022,"rabiller, stéphanie (sous la direction de)   ",,,,,"Récit de Situation Complexe Authentique (RSCA)_DU_Accompagnement et soins palliatifs
",,,,,,,,,,,,,,,,,,,,,,,,,,,,,,,,,,,,,,,https://cime.univ-pau.fr/files/original/6d8dac0b691a58e6f0b45e4dfd4f5c80.pdf,,D.U. Accompagnement et soins palliatifs,0,0
,,,,,,,,,,,,,,,,,,,,,,,,,,,,,,,,,,,,,,,,Enseigner la langue latine au collège : comment et pourquoi?,Camille Diez,"Comment assurer les apprentissages de la grammaire latine afin que les élèves puissent les réinvestir ? Ce travail s’intéresse à une manière d’enseigner le latin, plus particulièrement à une pédagogie qui viendrait motiver les élèves à étudier la langue latine au collège. Il s’agit d’un questionnement sur une pédagogie à mettre en place dans les classes de latin avec les élèves lors des séances de langue.","Enseignement, Latin, Langue, Collège, Cycle 4",,"Université de Pau et des Pays de l'Adour (UPPA), Pau
Institut national supérieur du professorat et de l'éducation (INSPE), Académie de Bordeaux ",2021,sous la direction de Julie Gallego,,,,fre,"Mémoire de master 2
",,,,,,,,,,,,,,,,,,,,,,,,,,,,,,,,,,,,,,,https://cime.univ-pau.fr/files/original/4abfc15f3a5a3df40a1adc17bae3eda4.pdf,,"Master Métiers de l'enseignement, de l'éducation et de la formation - Second degré (MEEF) - Parcours lettres : option lettres classiques ; option lettres modernes (CAPES)",1,0
,,,,,,,,,,,,,,,,,,,,,,,,,,,,,,,,,,,,,,,,"Comment l'étude du ""Bourgeois gentilhomme"" en classe de quatrième  permet-elle de poser la question du paraître au  XXIe siècle ?",Corinne Espagnet ,"Ce travail de réflexion donne à voir comment l’étude de l’œuvre ""Le Bourgeois gentilhomme"" de Molière permet de poser la question du paraître au XXIème siècle avec des élèves de quatrième.
Tout d’abord, il tente d’exposer ce qui en amont de cette étude a permis les réflexions préliminaires : du côté de la sociologie et du côté des textes officiels. Puis, la partie pédagogique présente les activités menées dans la séquence au regard de la problématique. Enfin, la dernière partie dresse une analyse a posteriori et propose une variante pédagogique.
Une réflexion pédagogique est menée tout au long du RAPP avec le souci pour l’enseignante, fidèle à l’idée de Daniel Pennac dans ""Comme un roman"", de donner le goût de lire à ses élèves.","Théâtre, Molière, Être, Paraître, Débat, Apparence",,"Université de Pau et des Pays de l'Adour (UPPA), Pau
ESPE Aquitaine, Pau",2019,Sous la direction de Nadine Laporte,,,,fre,"Mémoire master 2 MEEF
Rapport d’analyse de pratiques professionnelles",,,,,,,,,,,,,,,,,,,,,,,,,,,,,,,,,,,,,,,https://cime.univ-pau.fr/files/original/21800ed0f399f730c06e1806f4391c88.pdf,,"Master Métiers de l'enseignement, de l'éducation et de la formation - Second degré (MEEF) - Parcours lettres : option lettres classiques ; option lettres modernes (CAPES)",1,0
,,,,,,,,,,,,,,,,,,,,,,,,,,,,,,,,,,,,,,,,"Nicolas Bouvier, Le dehors et le dedans : une autobiographie poétique ?",Ingrid Thobois,"""Le dehors et le dedans"" apparaît comme une matière organique, vivante, dans la mesure où elle se modifie dans le temps : d'édition en rééditions, c'est un recueil en perpétuel mouvement, composé de poèmes s'étalant de la naissance symbolique (le départ en voyage en 1953) à la mort physique (le dernier poème est daté d'octobre 1997 : quatre mois avant la mort de Nicolas Bouvier). Sa vie entière, l'écrivain a retouché Le dehors et le dedans, son fond comme sa forme, ses poèmes comme sa composition, faisant évoluer jusqu'à la veille de sa mort cette matière littéraire jamais figée. C'est ce premier constat d'impossible achèvement, ou peut-être de refus d'achèvement, qui fonde l'intuition titre de ce mémoire : et si ""Le dehors et le dedans"" était, plus que tous les autres textes de Nicolas Bouvier spontanément reçus comme des récits (puisqu'ils rejoignent souvent les dates et lieu du vécu, et suivent une chronologie) la véritable part autobiographique de son œuvre ?",Nicolas Bouvier - Le Dehors et le dedans - Poésie - Autobiographie - Autobiographie poétique - Voyage - Mémoire ,"Université de Pau et des Pays de l'Adour (UPPA)
Pau",Sous la direction de Nadine Laporte,2019,,,,,fre,Mémoire de master 2,,,,,,,,,,,,,,,,,,,,,,,,,,,,,,,,,,,,,,,https://cime.univ-pau.fr/files/original/7f851ebdead27ee2965924a005e16bc5.pdf,,"Master Arts, lettres et civilisations - Parcours Poétiques et Histoire littéraire",1,0
,,,,,,,,,,,,,,,,,,,,,,,,,,,,,,,,,,,,,,,,"Urgences et soins palliatifs : deux entités. Il est urgent de pratiquer des soins palliatifs aux urgences : un constat
","ghislain, richard 
",,"soins palliatifs              
",,,2022,"rabiller, stéphanie (sous la direction de)   ",,,,,"Récit de Situation Complexe Authentique (RSCA)_DU_Accompagnement et soins palliatifs
",,,,,,,,,,,,,,,,,,,,,,,,,,,,,,,,,,,,,,,https://cime.univ-pau.fr/files/original/1e0163ad6814a1c58d01728503c458c0.pdf,,D.U. Accompagnement et soins palliatifs,0,0
,,,,,,,,,,,,,,,,,,,,,,,,,,,,,,,,,,,,,,,,"Récit de situation complexe argumentée
","fougeroux, marie-laure
",,"hydratation artificielle             
",,,2022,"rabiller, stéphanie (sous la direction de)   ",,,,,"Récit de Situation Complexe Authentique (RSCA)_DU_Accompagnement et soins palliatifs
",,,,,,,,,,,,,,,,,,,,,,,,,,,,,,,,,,,,,,,https://cime.univ-pau.fr/files/original/d7eb0e02bce5b212ba74a4ce0e8d534c.pdf,,D.U. Accompagnement et soins palliatifs,0,0
,,,,,,,,,,,,,,,,,,,,,,,,,,,,,,,,,,,,,,,,"Récit de Situation Complexe Authentique en EHPAD
","ferreira, filipa
",,soins palliatifs en EHPAD               ,,,2022,"rabiller, stéphanie (sous la direction de)  ",,,,,Récit de Situation Complexe Authentique (RSCA)_DU_Accompagnement et soins palliatifs,,,,,,,,,,,,,,,,,,,,,,,,,,,,,,,,,,,,,,,https://cime.univ-pau.fr/files/original/ac430a98bbef17d481ae8a23bb44f883.pdf,,D.U. Accompagnement et soins palliatifs,0,0
,,,,,,,,,,,,,,,,,,,,,,,,,,,,,,,,,,,,,,,,"Face à la douleur et l’angoisse
","fernandes, paula
",,hospitalisation à domicile (HAD)        ,,,2022,"rabiller, stéphanie (sous la direction de)   ",,,,,"Récit de Situation Complexe Authentique (RSCA)_DU_Accompagnement et soins palliatifs
",,,,,,,,,,,,,,,,,,,,,,,,,,,,,,,,,,,,,,,https://cime.univ-pau.fr/files/original/f1de4a0083755162262cbf3d13b50492.pdf,,D.U. Accompagnement et soins palliatifs,0,0
,,,,,,,,,,,,,,,,,,,,,,,,,,,,,,,,,,,,,,,,"Accompagner une situation complexe à l’hôpital
","farcy, tiffany
",,soins palliatifs       ,,,2022,"rabiller, stéphanie (sous la direction de)   ",,,,,"Récit de Situation Complexe Authentique (RSCA)_DU_Accompagnement et soins palliatifs
",,,,,,,,,,,,,,,,,,,,,,,,,,,,,,,,,,,,,,,https://cime.univ-pau.fr/files/original/72d46f66c002068389c930a1308e9913.pdf,,D.U. Accompagnement et soins palliatifs,0,0
,,,,,,,,,,,,,,,,,,,,,,,,,,,,,,,,,,,,,,,,"Demande de sédation profonde et continue maintenue jusqu’au décès
","desrousseaux, marie-ode
",, pratiques sédatives        ,,,2022,"rabiller, stéphanie (sous la direction de)   ",,,,,"Récit de Situation Complexe Authentique (RSCA)_DU_Accompagnement et soins palliatifs
",,,,,,,,,,,,,,,,,,,,,,,,,,,,,,,,,,,,,,,https://cime.univ-pau.fr/files/original/a2b3b66aa24140695fc9c1b8257e1dd9.pdf,,D.U. Accompagnement et soins palliatifs,0,0
,,,,,,,,,,,,,,,,,,,,,,,,,,,,,,,,,,,,,,,,"La famille, partenaire thérapeutique de l’accompagnement du patient en fin de vie
","desmaries, sophie
",,douleur                        ,,,2022,"rabiller, stéphanie (sous la direction de)   ",,,,,"Récit de Situation Complexe Authentique (RSCA)_DU_Accompagnement et soins palliatifs
",,,,,,,,,,,,,,,,,,,,,,,,,,,,,,,,,,,,,,,https://cime.univ-pau.fr/files/original/75a0d10ae73e969f1f6d47d7b11246e7.pdf,,D.U. Accompagnement et soins palliatifs,0,0
,,,,,,,,,,,,,,,,,,,,,,,,,,,,,,,,,,,,,,,,"La souffrance psychique du patient en soins
palliatifs

","choiselat, elodie 
",,relation soigné-soignant             ,,,2022,"rabiller, stéphanie (sous la direction de)   ",,,,,"Récit de Situation Complexe Authentique (RSCA)_DU_Accompagnement et soins palliatifs
",,,,,,,,,,,,,,,,,,,,,,,,,,,,,,,,,,,,,,,https://cime.univ-pau.fr/files/original/46018289483dde4c64aac75fc478d414.pdf,,D.U. Accompagnement et soins palliatifs,0,0
,,,,,,,,,,,,,,,,,,,,,,,,,,,,,,,,,,,,,,,," Le handicap en soins palliatifs
","burlat, leslie
",,chimiothérapie      ,,,2022,"rabiller, stéphanie (sous la direction de)   ",,,,,"Récit de Situation Complexe Authentique (RSCA)_DU_Accompagnement et soins palliatifs
",,,,,,,,,,,,,,,,,,,,,,,,,,,,,,,,,,,,,,,https://cime.univ-pau.fr/files/original/32f2185791b869887c7f69021b9d528f.pdf,,D.U. Accompagnement et soins palliatifs,0,0
,,,,,,,,,,,,,,,,,,,,,,,,,,,,,,,,,,,,,,,,La phonologie par le slam en classe de Seconde,"Milcent, Noémie","Dans ce travail de recherches, la question pose est la suivante : « Comment et pourquoi utiliser le slam en classe de langue étrangère ? ». Pour répondre à cela, il faut tout d’abord voir ce qu’est la didactique de la phonologie lorsque l’on parle de l’enseignement d’une langue vivante, ensuite voir ce qu’est le slam, pour terminer sur la mise en place du projet ayant pour tâche finale le slam.",Didactique de la phonologie,,,2022,"Simpson, Tracey (sous la dir.)",,,,,Mémoire de Master 2ème année - MEEF - Parcours Anglais,,,,,,,,,,,,,,,,,,,,,,,,,,,,,,,,,,,,,,,https://cime.univ-pau.fr/files/original/46a05e319b403314ced16e402d32cc01.pdf,,"Master Métiers de l'enseignement, de l'éducation et de la formation - Second degré (MEEF) - Parcours langues vivantes étrangères : anglais (CAPES)",1,0
,,,,,,,,,,,,,,,,,,,,,,,,,,,,,,,,,,,,,,,,"Décision d’arrêt d’alimentation et d’hydratation orale en EHPAD et ses conséquences
","beuste, carole 
",,démarche palliative                ,,,2022,"rabiller, stéphanie (sous la direction de)   ;  ",,,,,"Récit de Situation Complexe Authentique (RSCA)_DU_Accompagnement et soins palliatifs
",,,,,,,,,,,,,,,,,,,,,,,,,,,,,,,,,,,,,,,https://cime.univ-pau.fr/files/original/6c7d311840935e46859e78230c3c4453.pdf,,D.U. Accompagnement et soins palliatifs,0,0
,,,,,,,,,,,,,,,,,,,,,,,,,,,,,,,,,,,,,,,,"Autobiograph&iacute;a e historia : el relato hist&oacute;rico mediante el relato de s&iacute; en la anarquismo espa&ntilde;ol. Estudio comparativo de las obras : Federico Urales, <em>Mi vida</em> (1930) y Federica Montseny, <em>Mis primeros cuarenta a&ntilde;os</em> (1987)",Alaia Davant,"El movimiento anarquista arraig&oacute; principalmente en Catalu&ntilde;a &ndash;donde la poblaci&oacute;n era en mayor&iacute;a obrera&ndash;. En esa misma regi&oacute;n se fund&oacute;, tras la Primera Internacional de 1864-1876, la Asociaci&oacute;n Internacional de Trabajadores (AIT), antes de que naciera la Confederaci&oacute;n Nacional del Trabajo (CNT) en 1910. El individualismo inherente al anarquismo hace que la escritura autobiogr&aacute;fica se encuentra con bastante frecuencia entre su bibliograf&iacute;a. Tras la dictadura, y quiz&aacute;s a causa de la &laquo;desaparici&oacute;n&raquo; del movimiento &aacute;crata, la cantidad de esas escrituras del &laquo;yo&raquo; explot&oacute;. Este disparo fue tambi&eacute;n un intento por parte de los exiliados de volver a acercarse a sus coet&aacute;neos y sensibilizar sobre su historia. La militante anarquista Federica Montseny, en una entrevista al Pa&iacute;s, adopt&oacute; una posici&oacute;n muy cr&iacute;tica sobre la negaci&oacute;n del valor del testimonio en la historiograf&iacute;a. En este trabajo se analiza su autobiograf&iacute;a <em>Mis primeros cuarenta a&ntilde;os </em>(1987), as&iacute; como la de su padre Joan Montseny &laquo;Federico Urales&raquo;, <em>Mi Vida</em> (1930), con el fin de determinar c&oacute;mo un g&eacute;nero centrado en s&iacute; mismo &ndash; o en un personaje de s&iacute; mismo &ndash; puede convertirse en un g&eacute;nero que da la vuelta hacia los dem&aacute;s. Compararemos las dos obras y la relaci&oacute;n que lo &iacute;ntimo entabla con lo pol&iacute;tico con una perspectiva cronol&oacute;gica, e intentaremos evidenciar los v&iacute;nculos entre verdad individual e hist&oacute;rica.","Anarchisme espagnol
Anarchistes espagnols
Autobiographie espagnole 
Federica Montseny
Mis primeros cuarenta años
Federico Urales
Mi vida","<a href=""https://dumas.ccsd.cnrs.fr/dumas-03884751"">https://dumas.ccsd.cnrs.fr/dumas-03884751</a>","Université de Pau et des Pays de l'Adour (UPPA)
Pau",2022,Sous la direction de Pascale Peyraga,,,,esp,Mémoire de Master 1ère année,,,,,,,,,,,,,,,,,,,,,,,,,,,,,,,,,,,,,,,https://cime.univ-pau.fr/files/original/97ca643ada26d10fa8b68208e60cea5f.pdf,,"Master Langues, littératures et civilisations étrangères et régionales - Parcours Études hispaniques",1,0
,,,,,,,,,,,,,,,,,,,,,,,,,,,,,,,,,,,,,,,,"Éthique du refus de soin : Regards croisés sur une humanité partagée

","lopez, sylvain
",,refus de soins                 ,,,2022,"rabiller, stéphanie (sous la direction de)    ",,,,,"Mémoire de Diplôme Universitaire - D.U. Éthique soignante

",,,,,,,,,,,,,,,,,,,,,,,,,,,,,,,,,,,,,,,https://cime.univ-pau.fr/files/original/46ace0717401129e36e0d8449196776b.pdf,,D.U. Éthique soignante,0,0
,,,,,,,,,,,,,,,,,,,,,,,,,,,,,,,,,,,,,,,,"Parents avant l’heure : accompagner la parentalité entre idéal et réalité

","david, alexandra 
",,"prématurité     

",,,2022,"rabiller, stéphanie (sous la direction de)    ",,,,,"Mémoire de Diplôme Universitaire - D.U. Éthique soignante

",,,,,,,,,,,,,,,,,,,,,,,,,,,,,,,,,,,,,,,https://cime.univ-pau.fr/files/original/cd1d93b740da4c87f1c0651795fe0a06.pdf,,D.U. Éthique soignante,0,0
,,,,,,,,,,,,,,,,,,,,,,,,,,,,,,,,,,,,,,,,"La démarche d’évaluation de la qualité, une promesse éthique
","peyrat, delphine
",,établissements médico-sociaux             ,,,2022,"rabiller, stéphanie (sous la direction de) ",,,,,"Mémoire de Diplôme Universitaire - D.U. Éthique soignante
",,,,,,,,,,,,,,,,,,,,,,,,,,,,,,,,,,,,,,,https://cime.univ-pau.fr/files/original/a5f3831a33e24e0b785b80073703b90b.pdf,,D.U. Éthique soignante,0,0
,,,,,,,,,,,,,,,,,,,,,,,,,,,,,,,,,,,,,,,,"Interruption médicale de grossesse : le difficile choix 

","gaure, anne
",,grossesse                      ,,,2022,"rabiller, stéphanie (sous la direction de) ; ",,,,,"Mémoire de Diplôme Universitaire - D.U. Éthique soignante

",,,,,,,,,,,,,,,,,,,,,,,,,,,,,,,,,,,,,,,https://cime.univ-pau.fr/files/original/c9f36fd7cd6a1ce4bf4630d658aebcb3.pdf,,D.U. Éthique soignante,0,0
,,,,,,,,,,,,,,,,,,,,,,,,,,,,,,,,,,,,,,,,"« Pour votre bien, je dois vous attacher », la contention physique de la personne âgée en EHPAD : une pratique au cœur d’un dilemme éthique","avril, lindsey
",,conflit éthique      ,,,2022,"rabiller, stéphanie (sous la direction de) ; ",,,,,Mémoire de Diplôme Universitaire - D.U. Éthique soignante,,,,,,,,,,,,,,,,,,,,,,,,,,,,,,,,,,,,,,,https://cime.univ-pau.fr/files/original/ead6b4627780491b8462efd289bd5ebd.pdf,,D.U. Éthique soignante,0,0
,,,,,,,,,,,,,,,,,,,,,,,,,,,,,,,,,,,,,,,,"La santé mentale des personnes âgées à domicile : un enjeu de la coordination de parcours
","sabatier, rachel
",,coordinateur de parcours                           ,,,2022,"rabiller, stéphanie (sous la direction de)
",,,,,"Mémoire_DU_Démarche Qualité et Pratiques de Coopération et de Coordination du Parcours des Usagers (PCCPU)
",,,,,,,,,,,,,,,,,,,,,,,,,,,,,,,,,,,,,,,https://cime.univ-pau.fr/files/original/af42653539b29f4bc4b34d249300b738.pdf,,D.U. Démarche Qualité et Pratiques de Coopération et de Coordination du Parcours des Usagers (PCCPU),0,0
